平均氣壓(hPa),平均氣溫(℃),平均相對溼度( %),平均風速(m/s),累計雨量(mm),累積日射量(MJ/m2),Fuel_92,Fuel_95,Fuel_High
1019.18,17.33,95.67,3.53,2.5,6.57,27.88333333333333,29.383333333333326,25.983333333333317
1019.9,19.53,89.83,1.4,4.0,6.81,27.88333333333333,29.383333333333326,25.983333333333317
1020.22,19.42,83.0,4.4,0.0,11.32,27.88333333333333,29.383333333333326,25.983333333333317
1017.62,20.0,82.33,1.7,0.08,11.2,27.88333333333333,29.383333333333326,25.983333333333317
1016.19,18.63,93.14,2.61,0.0,7.28,25.0,26.5,22.7
1016.39,20.49,86.57,1.36,1.93,8.4,25.0,26.5,22.7
1018.17,19.1,83.43,4.64,0.0,12.88,25.0,26.5,22.7
1014.78,21.07,81.5,1.73,0.0,14.7,25.0,26.5,22.7
1016.24,16.81,85.43,3.41,3.93,9.18,26.1,27.6,23.9
1016.59,18.9,79.86,1.37,3.71,5.9,26.1,27.6,23.9
1017.86,17.17,80.14,5.09,0.09,10.94,26.1,27.6,23.9
1014.64,18.94,80.8,1.8,0.2,10.66,26.1,27.6,23.9
1016.41,16.44,84.43,2.09,0.36,14.28,27.88333333333333,29.383333333333326,25.983333333333317
1017.1,19.08,78.75,1.18,1.38,11.92,27.88333333333333,29.383333333333326,25.983333333333317
1018.7,17.97,76.29,3.16,0.19,15.33,27.88333333333333,29.383333333333326,25.983333333333317
1015.54,19.17,73.57,1.61,0.0,16.24,27.88333333333333,29.383333333333326,25.983333333333317
1014.44,17.01,91.86,2.74,0.0,8.4,27.781818181818196,29.281818181818196,25.609090909090913
1016.19,19.89,77.29,3.7,0.0,15.71,27.781818181818196,29.281818181818196,25.609090909090913
1012.92,21.07,78.0,1.67,0.0,15.95,27.781818181818196,29.281818181818196,25.609090909090913
1018.25,17.58,92.5,2.87,0.17,8.12,27.781818181818196,29.281818181818196,25.609090909090913
1017.54,19.96,87.29,1.14,1.07,8.19,27.781818181818196,29.281818181818196,25.609090909090913
1019.6,20.1,77.71,4.4,0.0,17.53,27.781818181818196,29.281818181818196,25.609090909090913
1016.7,21.0,76.6,2.1,0.0,18.2,27.781818181818196,29.281818181818196,25.609090909090913
1011.76,17.9,92.43,1.97,2.07,7.85,27.781818181818196,29.281818181818196,25.609090909090913
1011.19,20.61,86.29,1.03,1.29,9.39,27.781818181818196,29.281818181818196,25.609090909090913
1013.96,20.24,78.43,3.29,1.4,15.6,27.781818181818196,29.281818181818196,25.609090909090913
1010.81,21.61,79.14,1.87,0.14,18.28,27.781818181818196,29.281818181818196,25.609090909090913
1011.37,16.09,93.43,2.66,22.36,6.85,26.937500000000014,28.437500000000014,24.61874999999997
1011.2,18.3,89.29,0.89,12.43,4.7,26.937500000000014,28.437500000000014,24.61874999999997
1013.07,18.3,82.14,3.84,2.23,11.5,26.937500000000014,28.437500000000014,24.61874999999997
1010.08,18.5,92.0,1.75,4.62,7.13,26.937500000000014,28.437500000000014,24.61874999999997
1014.33,18.11,73.29,2.39,1.07,11.9,26.937500000000014,28.437500000000014,24.61874999999997
1015.39,18.71,77.14,0.74,0.79,8.41,26.937500000000014,28.437500000000014,24.61874999999997
1016.41,19.86,69.29,2.93,0.0,14.05,26.937500000000014,28.437500000000014,24.61874999999997
1013.37,20.71,79.57,1.54,0.0,14.45,26.937500000000014,28.437500000000014,24.61874999999997
1011.86,20.56,83.0,2.46,0.6,14.66,27.5,29.0,25.9
1011.97,21.39,84.86,1.01,2.79,11.61,27.5,29.0,25.9
1014.46,21.56,78.14,3.11,0.01,18.52,27.5,29.0,25.9
1011.31,22.5,80.71,1.89,0.0,18.85,27.5,29.0,25.9
1008.94,22.11,85.86,2.33,2.93,16.26,27.7,29.2,26.3
1007.15,24.08,82.25,1.48,1.88,15.86,27.7,29.2,26.3
1011.59,24.03,77.71,3.49,0.0,21.82,27.7,29.2,26.3
1007.77,25.7,77.0,1.47,0.0,23.0,27.7,29.2,26.3
1007.27,21.8,86.29,1.66,11.79,13.34,27.9,29.4,26.7
1008.04,22.22,84.4,0.84,3.4,8.89,27.9,29.4,26.7
1009.93,23.26,78.71,2.6,7.36,15.43,27.9,29.4,26.7
1007.22,23.88,83.5,1.58,15.88,11.84,27.9,29.4,26.7
1007.93,22.0,79.5,2.58,15.33,14.34,28.6,30.1,27.3
1008.07,22.69,81.29,1.1,7.07,9.07,28.6,30.1,27.3
1009.74,23.87,76.57,2.81,0.41,16.03,28.6,30.1,27.3
1007.04,24.46,86.14,1.4,9.29,12.78,28.6,30.1,27.3
1006.4,21.6,87.43,2.4,2.86,12.08,28.6,30.1,26.6
1006.96,22.46,84.86,1.19,4.57,10.18,28.6,30.1,26.6
1008.18,22.42,83.17,3.42,0.0,13.36,28.6,30.1,26.6
1005.31,24.09,90.0,1.3,2.71,14.49,28.6,30.1,26.6
1003.39,26.37,88.43,2.29,57.64,15.08,28.9,30.4,27.0
1003.63,25.76,84.0,0.89,8.0,13.27,28.9,30.4,27.0
1007.1,27.56,78.8,2.62,0.24,20.14,28.9,30.4,27.0
1004.83,27.56,85.71,1.29,6.93,17.0,28.9,30.4,27.0
1005.13,25.37,85.0,1.8,7.14,14.34,28.8,30.3,26.8
1005.24,25.01,86.29,1.0,2.57,11.88,28.8,30.3,26.8
1008.13,26.2,78.86,2.6,1.36,20.09,28.8,30.3,26.8
1005.36,27.31,83.29,1.39,1.36,17.61,28.8,30.3,26.8
1004.34,27.94,81.71,2.59,2.29,18.08,28.3,29.8,26.3
1004.67,27.11,81.29,0.87,0.79,14.5,28.3,29.8,26.3
1008.41,28.53,77.0,2.51,2.9,20.53,28.3,29.8,26.3
1005.84,28.71,79.29,1.54,1.5,20.47,28.3,29.8,26.3
1000.9,24.8,86.57,1.89,34.43,12.17,26.9,28.4,24.8
1001.24,24.91,88.71,0.8,15.43,8.4,26.9,28.4,24.8
1003.65,26.57,79.33,2.8,7.17,15.92,26.9,28.4,24.8
1001.34,26.81,89.71,1.63,38.79,12.73,26.9,28.4,24.8
1002.6,28.75,80.67,3.03,0.08,22.4,27.0,28.5,24.9
1002.6,27.73,82.71,0.97,1.07,16.74,27.0,28.5,24.9
1006.64,28.77,76.71,2.6,1.2,22.92,27.0,28.5,24.9
1004.1,29.13,80.0,1.47,1.64,21.36,27.0,28.5,24.9
1000.37,28.84,77.86,3.33,0.93,17.08,27.6,29.1,25.5
1000.76,28.2,82.71,1.09,3.36,15.53,27.6,29.1,25.5
1004.9,27.87,78.43,3.33,8.0,15.56,27.6,29.1,25.5
1002.63,27.56,88.0,2.33,22.64,14.72,27.6,29.1,25.5
1001.21,29.8,74.29,4.03,0.0,22.64,27.2,28.7,25.1
1001.47,28.49,79.57,1.24,0.5,21.51,27.2,28.7,25.1
1006.07,28.31,78.29,3.31,5.56,20.89,27.2,28.7,25.1
1003.86,27.83,88.0,1.89,23.57,16.59,27.2,28.7,25.1
997.85,30.0,75.83,2.8,0.08,23.38,27.6,29.1,25.6
998.71,28.44,82.71,1.46,6.29,16.86,27.6,29.1,25.6
1001.57,28.5,78.14,2.14,3.57,18.6,27.6,29.1,25.6
999.01,27.99,88.14,1.49,23.07,14.38,27.6,29.1,25.6
1001.27,29.48,77.5,1.65,0.0,25.18,27.2,28.7,25.1
1002.59,28.53,77.43,1.19,0.0,22.16,27.2,28.7,25.1
1004.37,28.67,76.57,1.86,0.0,21.69,27.2,28.7,25.1
1001.66,27.84,86.14,0.0,17.79,18.93,27.2,28.7,25.1
992.84,29.39,79.86,4.1,12.93,17.44,28.7625,30.2625,26.543749999999996
991.95,28.7,84.17,1.25,2.58,18.72,28.7625,30.2625,26.543749999999996
996.13,29.32,77.33,4.0,0.47,16.74,28.7625,30.2625,26.543749999999996
994.4,28.47,87.67,0.0,8.83,14.91,28.7625,30.2625,26.543749999999996
998.23,28.89,79.0,3.36,2.93,21.43,26.3,27.8,24.1
997.26,28.84,81.2,0.78,0.0,14.78,26.3,27.8,24.1
1002.57,27.51,82.86,3.3,15.43,13.05,26.3,27.8,24.1
1000.43,26.7,94.43,0.0,61.5,9.41,26.3,27.8,24.1
1003.68,28.37,84.0,1.23,26.67,21.19,26.6,28.1,24.4
1005.18,28.12,85.17,1.05,0.33,22.08,26.6,28.1,24.4
1006.79,28.34,78.14,1.84,0.0,23.44,26.6,28.1,24.4
1004.0,28.03,87.29,1.2,5.93,17.94,26.6,28.1,24.4
1000.7,27.73,83.29,1.47,5.07,20.89,26.5,28.0,24.3
1000.7,27.1,90.6,1.18,2.1,17.05,26.5,28.0,24.3
1003.8,28.15,76.5,1.88,0.0,20.56,26.5,28.0,24.3
1000.78,27.35,86.83,1.28,13.08,15.84,26.5,28.0,24.3
1004.11,28.16,79.43,2.16,2.5,21.57,26.3,27.8,24.2
1004.97,27.34,80.86,1.21,3.79,17.79,26.3,27.8,24.2
1006.64,28.51,74.43,2.33,0.0,17.97,26.3,27.8,24.2
1004.13,27.61,87.0,1.17,20.29,16.11,26.3,27.8,24.2
1005.12,23.98,81.17,2.62,3.75,9.33,26.8,28.3,24.6
1002.61,26.21,77.43,1.61,13.29,15.29,26.8,28.3,24.6
1005.9,26.14,64.71,6.16,0.0,17.69,26.8,28.3,24.6
1002.72,25.93,77.67,2.3,3.83,19.07,26.8,28.3,24.6
1006.43,26.49,81.71,2.69,7.07,19.12,28.325000000000006,29.825000000000006,26.06875
1006.87,25.93,81.86,1.36,9.36,13.53,28.325000000000006,29.825000000000006,26.06875
1009.47,27.23,76.14,2.43,0.27,16.35,28.325000000000006,29.825000000000006,26.06875
1006.59,27.01,83.43,1.23,0.21,15.05,28.325000000000006,29.825000000000006,26.06875
1009.71,25.67,75.43,2.54,0.0,21.75,26.3,27.8,24.1
1010.54,24.56,82.86,1.0,0.86,10.75,26.3,27.8,24.1
1011.87,26.5,74.14,1.99,0.0,19.68,26.3,27.8,24.1
1009.04,26.87,82.71,0.96,0.14,16.02,26.3,27.8,24.1
1014.1,23.13,70.86,3.41,0.21,17.26,26.2,27.7,24.0
1013.5,23.69,75.86,1.54,0.14,11.17,26.2,27.7,24.0
1014.53,23.93,64.0,5.23,0.0,19.14,26.2,27.7,24.0
1011.39,24.8,76.43,1.34,0.0,16.56,26.2,27.7,24.0
1011.01,22.9,81.43,3.5,0.29,11.7,26.4,27.9,24.2
1011.93,23.56,85.71,1.39,25.36,8.46,26.4,27.9,24.2
1012.77,23.87,75.43,4.24,0.0,17.34,26.4,27.9,24.2
1009.66,24.84,82.57,1.64,0.0,16.3,26.4,27.9,24.2
1010.64,21.7,68.71,3.7,0.07,15.22,27.777777777777768,29.277777777777764,25.622222222222216
1011.04,21.77,76.43,1.61,0.14,7.67,27.777777777777768,29.277777777777764,25.622222222222216
1011.39,22.19,65.71,5.36,0.0,17.27,27.777777777777768,29.277777777777764,25.622222222222216
1008.29,22.43,79.14,1.56,0.0,15.52,27.777777777777768,29.277777777777764,25.622222222222216
1012.23,20.73,73.0,2.2,0.0,17.12,26.6,28.1,24.4
1013.24,20.74,75.43,1.1,0.0,12.87,26.6,28.1,24.4
1014.41,21.76,70.14,2.4,0.0,16.73,26.6,28.1,24.4
1011.41,21.87,79.71,1.11,0.0,15.71,26.6,28.1,24.4
1016.41,19.64,80.57,3.51,0.07,13.21,26.9,28.4,24.7
1016.77,20.3,81.83,1.37,0.5,6.88,26.9,28.4,24.7
1017.64,20.73,72.0,4.51,0.0,14.52,26.9,28.4,24.7
1014.5,21.47,80.57,1.49,0.0,14.77,26.9,28.4,24.7
1019.64,15.17,76.0,4.21,16.71,8.05,27.1,28.6,25.0
1018.72,17.1,77.0,1.55,2.17,5.04,27.1,28.6,25.0
1018.86,16.49,65.86,8.11,3.93,10.81,27.1,28.6,25.0
1015.33,16.38,83.5,2.58,2.92,8.81,27.1,28.6,25.0
1016.82,18.76,75.0,2.5,0.0,15.17,26.9,28.4,24.8
1016.67,19.04,77.0,1.19,0.21,11.42,26.9,28.4,24.8
1019.28,18.4,73.4,2.62,0.0,16.51,26.9,28.4,24.8
1015.63,18.53,80.5,1.33,0.0,16.77,26.9,28.4,24.8
1014.31,18.56,90.0,2.11,0.57,6.98,27.3,28.8,25.2
1014.1,20.64,86.0,1.04,1.21,9.29,27.3,28.8,25.2
1016.43,19.99,78.29,3.34,0.0,12.56,27.3,28.8,25.2
1013.72,20.45,87.83,1.68,0.33,12.72,27.3,28.8,25.2
1018.99,17.26,86.14,2.39,3.64,11.47,27.7,29.2,25.7
1020.04,18.8,86.0,0.9,3.5,7.33,27.7,29.2,25.7
1021.17,17.97,80.86,3.07,3.43,11.64,27.7,29.2,25.7
1018.08,18.54,89.0,1.14,0.2,12.92,27.7,29.2,25.7
1013.89,17.33,84.71,2.06,0.14,11.46,27.8,29.3,25.7
1014.07,19.21,84.14,1.09,2.86,9.24,27.8,29.3,25.7
1016.09,18.37,77.43,3.13,0.0,14.79,27.8,29.3,25.7
1012.87,19.0,85.86,1.59,0.0,15.52,27.8,29.3,25.7
1015.77,15.69,83.57,2.77,0.29,8.65,27.1,28.6,25.0
1014.91,17.74,84.57,0.99,0.86,7.55,27.1,28.6,25.0
1017.0,17.55,75.5,3.58,0.0,16.07,27.1,28.6,25.0
1014.19,17.13,83.43,1.9,0.0,16.98,27.1,28.6,25.0
1016.67,12.69,71.71,2.3,0.29,12.03,26.8,28.3,24.7
1015.33,15.07,79.57,0.8,0.14,5.76,26.8,28.3,24.7
1018.03,14.23,62.71,4.84,0.0,15.6,26.8,28.3,24.7
1014.6,14.34,76.14,2.26,0.21,15.72,26.8,28.3,24.7
1018.47,15.71,82.57,3.04,0.93,7.43,25.9,27.4,23.7
1017.69,17.57,83.86,1.06,0.93,7.52,25.9,27.4,23.7
1019.71,16.8,73.71,5.7,0.0,15.73,25.9,27.4,23.7
1016.36,17.34,82.57,2.2,0.0,16.84,25.9,27.4,23.7
1014.9,17.43,84.0,1.82,7.75,11.69,24.9,26.4,22.7
1014.7,20.19,80.43,1.19,0.0,10.33,24.9,26.4,22.7
1016.79,19.79,76.29,2.49,0.57,12.99,24.9,26.4,22.7
1013.67,20.99,84.0,1.64,0.21,14.53,24.9,26.4,22.7
1021.54,15.5,76.86,3.16,0.0,16.48,27.781818181818196,29.281818181818196,25.609090909090913
1022.26,16.61,80.0,0.9,0.79,7.56,27.781818181818196,29.281818181818196,25.609090909090913
1023.4,16.43,69.14,4.19,0.07,18.43,27.781818181818196,29.281818181818196,25.609090909090913
1020.2,16.77,79.14,1.47,0.29,16.93,27.781818181818196,29.281818181818196,25.609090909090913
1013.83,19.31,86.0,1.93,0.0,16.37,25.5,27.0,23.3
1014.09,21.39,83.29,1.16,0.29,12.06,25.5,27.0,23.3
1016.27,21.47,74.71,2.46,0.0,19.87,25.5,27.0,23.3
1013.14,22.37,81.71,1.5,0.0,20.43,25.5,27.0,23.3
1013.41,17.97,84.0,2.7,1.36,12.42,24.7,26.2,22.4
1013.59,19.5,84.43,1.19,0.86,9.0,24.7,26.2,22.4
1015.14,19.97,73.43,4.21,0.07,17.48,24.7,26.2,22.4
1011.89,21.23,80.29,1.86,0.07,17.75,24.7,26.2,22.4
1012.09,17.76,82.71,2.51,14.57,9.74,24.1,25.6,21.7
1011.81,19.33,83.86,1.23,3.71,6.88,24.1,25.6,21.7
1014.09,20.39,70.29,3.94,2.79,16.22,24.1,25.6,21.7
1011.03,21.39,81.71,2.0,3.36,15.15,24.1,25.6,21.7
1012.11,20.26,81.0,1.89,1.21,14.58,20.3,21.8,17.7
1012.64,20.57,81.43,0.8,0.79,11.58,20.3,21.8,17.7
1015.13,21.91,70.29,1.97,0.0,19.03,20.3,21.8,17.7
1012.21,21.2,79.0,1.19,0.0,19.25,20.3,21.8,17.7
1013.24,18.09,86.29,2.59,5.64,6.29,18.2,19.7,15.4
1012.89,20.07,87.71,0.87,0.79,4.92,18.2,19.7,15.4
1014.77,20.61,74.0,4.6,0.79,14.33,18.2,19.7,15.4
1011.53,22.06,78.57,2.01,0.0,16.62,18.2,19.7,15.4
1012.64,18.29,80.0,2.39,4.5,11.2,17.9,19.4,15.0
1012.13,19.4,86.14,0.87,1.86,6.29,17.9,19.4,15.0
1014.61,19.99,72.0,4.06,2.21,20.21,17.9,19.4,15.0
1011.31,20.76,79.71,2.0,2.64,19.08,17.9,19.4,15.0
1011.27,20.44,73.14,1.84,0.0,21.48,17.0,18.5,14.0
1011.6,21.2,76.57,1.01,0.5,14.97,17.0,18.5,14.0
1014.14,22.07,64.29,2.26,0.0,23.12,17.0,18.5,14.0
1011.16,22.6,68.0,1.57,0.0,23.21,17.0,18.5,14.0
1009.36,23.76,76.29,2.27,0.0,21.92,16.1,17.6,13.0
1010.7,22.79,86.14,0.9,4.79,12.06,16.1,17.6,13.0
1012.34,24.9,70.71,2.27,0.0,24.42,16.1,17.6,13.0
1009.36,25.84,72.86,1.44,0.0,24.25,16.1,17.6,13.0
1004.91,26.87,81.0,2.87,2.29,20.2,16.2,17.7,13.2
1005.47,25.8,88.29,0.99,4.0,13.91,16.2,17.7,13.2
1008.73,27.76,74.29,2.8,0.0,25.29,16.2,17.7,13.2
1006.04,28.47,75.71,1.53,0.0,25.53,16.2,17.7,13.2
1005.69,25.84,79.29,2.0,2.5,21.19,18.2,19.7,15.4
1006.57,25.27,85.43,1.23,3.21,14.19,18.2,19.7,15.4
1008.51,27.13,73.0,1.91,0.0,22.28,18.2,19.7,15.4
1005.49,27.91,77.71,1.54,0.64,22.25,18.2,19.7,15.4
1004.19,27.9,80.57,3.6,4.64,18.15,19.9,21.4,17.4
1004.31,27.89,81.57,1.11,5.0,19.55,19.9,21.4,17.4
1008.39,28.43,74.71,2.67,0.79,21.41,19.9,21.4,17.4
1005.81,28.79,79.29,1.47,0.64,24.65,19.9,21.4,17.4
1004.69,27.46,82.57,1.93,1.29,17.63,20.6,22.1,18.0
1005.49,27.99,80.29,1.04,1.93,17.49,20.6,22.1,18.0
1008.14,27.84,78.29,2.31,3.79,17.06,20.6,22.1,18.0
1005.24,28.36,81.57,1.77,1.43,18.37,20.6,22.1,18.0
1003.96,29.1,75.14,4.5,0.0,27.51,21.4,22.9,18.8
1004.21,28.74,80.0,1.21,1.86,22.54,21.4,22.9,18.8
1008.43,28.9,72.71,2.66,0.14,26.98,21.4,22.9,18.8
1005.57,29.27,76.86,1.6,0.93,21.94,21.4,22.9,18.8
1002.9,29.27,77.0,3.51,0.43,24.77,22.0,23.5,19.4
1003.36,28.56,81.43,1.24,0.93,18.86,22.0,23.5,19.4
1006.83,29.14,73.57,2.96,1.5,22.68,22.0,23.5,19.4
1004.33,28.67,84.14,2.09,8.79,18.28,22.0,23.5,19.4
1002.77,29.97,72.57,4.33,0.0,21.43,28.674999999999994,30.174999999999994,26.399999999999995
1002.99,29.16,79.29,1.2,0.29,20.27,28.674999999999994,30.174999999999994,26.399999999999995
1007.1,29.47,72.57,2.71,5.64,24.33,28.674999999999994,30.174999999999994,26.399999999999995
1004.57,29.61,78.57,1.57,3.79,23.37,28.674999999999994,30.174999999999994,26.399999999999995
1002.74,30.07,73.29,3.71,0.79,24.58,28.674999999999994,30.174999999999994,26.399999999999995
1003.24,29.01,79.0,1.39,5.71,22.42,28.674999999999994,30.174999999999994,26.399999999999995
1006.87,29.31,73.0,2.57,7.5,23.41,28.674999999999994,30.174999999999994,26.399999999999995
1004.29,29.17,81.14,1.41,4.64,21.32,28.674999999999994,30.174999999999994,26.399999999999995
1003.49,29.69,76.0,1.66,0.0,20.97,28.674999999999994,30.174999999999994,26.399999999999995
1005.11,27.81,82.43,1.13,3.36,19.08,28.674999999999994,30.174999999999994,26.399999999999995
1006.7,29.0,74.71,1.93,0.5,20.77,28.674999999999994,30.174999999999994,26.399999999999995
1003.96,27.67,87.29,1.23,14.57,15.28,28.674999999999994,30.174999999999994,26.399999999999995
1003.11,28.94,79.14,2.2,5.64,20.32,22.4,23.9,19.7
1003.67,28.49,79.29,1.1,0.5,21.3,22.4,23.9,19.7
1006.43,28.53,75.57,2.41,2.07,20.65,22.4,23.9,19.7
1003.76,27.44,89.0,1.64,24.29,18.01,22.4,23.9,19.7
1005.97,28.03,82.71,1.53,8.0,19.19,28.7625,30.2625,26.543749999999996
1006.7,28.17,79.43,1.13,0.21,20.35,28.7625,30.2625,26.543749999999996
1009.2,28.42,74.25,1.88,0.25,22.85,28.7625,30.2625,26.543749999999996
1006.03,27.41,87.71,1.64,14.71,17.53,28.7625,30.2625,26.543749999999996
1003.24,29.14,76.71,1.87,4.21,23.22,28.7625,30.2625,26.543749999999996
1004.34,27.67,81.43,1.17,0.0,19.28,28.7625,30.2625,26.543749999999996
1006.53,28.74,74.43,2.1,0.07,22.36,28.7625,30.2625,26.543749999999996
1003.84,27.84,85.86,1.44,8.0,19.33,28.7625,30.2625,26.543749999999996
1002.21,27.77,79.43,2.24,3.36,20.65,28.51333333333333,30.01333333333333,26.299999999999976
1001.39,27.34,80.5,1.16,19.93,18.21,28.51333333333333,30.01333333333333,26.299999999999976
1005.0,28.36,73.29,2.74,1.07,21.91,28.51333333333333,30.01333333333333,26.299999999999976
1002.2,27.4,85.86,1.47,14.93,19.62,28.51333333333333,30.01333333333333,26.299999999999976
1005.96,27.76,78.0,1.49,0.0,18.36,28.51333333333333,30.01333333333333,26.299999999999976
1006.49,26.36,82.0,0.9,5.64,15.42,28.51333333333333,30.01333333333333,26.299999999999976
1008.99,28.33,72.43,1.86,0.29,21.17,28.51333333333333,30.01333333333333,26.299999999999976
1006.17,27.83,82.0,1.19,0.5,18.92,28.51333333333333,30.01333333333333,26.299999999999976
1006.81,28.01,84.71,1.64,6.36,20.58,22.0,23.5,19.5
1007.31,27.9,77.14,1.14,3.21,20.42,22.0,23.5,19.5
1009.59,28.91,75.0,2.11,1.64,21.91,22.0,23.5,19.5
1006.7,28.37,85.14,1.14,10.0,18.72,22.0,23.5,19.5
1006.01,24.1,82.71,1.97,1.36,16.16,28.51333333333333,30.01333333333333,26.299999999999976
1006.5,24.7,77.43,0.93,1.07,12.17,28.51333333333333,30.01333333333333,26.299999999999976
1008.23,26.39,70.71,2.69,0.0,20.58,28.51333333333333,30.01333333333333,26.299999999999976
1005.2,26.87,81.14,1.14,0.0,19.63,28.51333333333333,30.01333333333333,26.299999999999976
1009.73,23.6,79.57,3.64,0.71,13.76,22.0,23.5,19.3
1009.5,24.71,76.71,1.36,0.57,9.5,22.0,23.5,19.3
1010.33,25.11,67.0,5.43,0.0,20.47,22.0,23.5,19.3
1007.19,26.01,77.14,1.54,0.0,18.21,22.0,23.5,19.3
1009.87,24.56,81.29,4.56,0.14,17.15,28.325000000000006,29.825000000000006,26.06875
1011.13,24.81,84.86,1.19,26.79,9.96,28.325000000000006,29.825000000000006,26.06875
1011.44,25.74,74.86,3.61,0.0,18.39,28.325000000000006,29.825000000000006,26.06875
1008.44,26.31,84.71,0.99,0.36,15.73,28.325000000000006,29.825000000000006,26.06875
1011.47,23.86,71.86,3.91,0.0,17.99,28.325000000000006,29.825000000000006,26.06875
1013.16,23.0,77.0,1.11,0.21,8.21,28.325000000000006,29.825000000000006,26.06875
1013.23,23.89,70.71,3.81,0.0,17.5,28.325000000000006,29.825000000000006,26.06875
1010.16,24.8,80.14,1.11,0.0,15.58,28.325000000000006,29.825000000000006,26.06875
1011.93,22.31,78.71,4.1,0.43,11.75,21.5,23.0,18.9
1012.59,23.21,78.86,1.49,4.36,10.0,21.5,23.0,18.9
1013.14,22.47,73.0,4.66,0.43,9.97,21.5,23.0,18.9
1009.91,23.23,83.86,1.56,0.79,12.43,21.5,23.0,18.9
1014.87,21.69,73.57,4.89,2.0,13.82,21.6,23.1,19.0
1016.7,21.46,82.71,1.47,5.93,6.06,21.6,23.1,19.0
1015.56,21.8,73.0,4.99,0.64,9.9,21.6,23.1,19.0
1012.44,21.87,87.71,1.23,0.07,10.25,21.6,23.1,19.0
1010.6,23.7,80.29,2.1,0.0,14.63,21.9,23.4,19.2
1011.76,23.93,84.57,1.06,4.79,12.15,21.9,23.4,19.2
1013.27,24.51,77.71,2.14,0.0,15.63,21.9,23.4,19.2
1010.24,24.8,85.57,0.89,0.0,12.52,21.9,23.4,19.2
1016.77,17.97,82.14,5.07,1.71,7.44,27.15333333333333,28.65333333333333,25.04
1016.93,19.69,81.86,2.2,3.14,6.51,27.15333333333333,28.65333333333333,25.04
1016.37,19.79,70.0,6.67,0.0,13.03,27.15333333333333,28.65333333333333,25.04
1013.11,20.36,78.43,1.86,0.0,12.15,27.15333333333333,28.65333333333333,25.04
1013.09,18.8,89.71,3.51,3.86,5.39,22.4,23.9,19.7
1012.74,20.84,87.86,0.84,5.79,5.88,22.4,23.9,19.7
1014.39,20.29,78.86,5.31,0.29,10.0,22.4,23.9,19.7
1011.09,21.3,87.29,1.79,0.79,10.96,22.4,23.9,19.7
1017.84,15.91,87.86,4.44,2.07,5.45,22.8,24.3,20.2
1017.9,18.31,83.43,1.94,1.43,7.04,22.8,24.3,20.2
1018.54,17.97,74.29,6.51,0.0,12.26,22.8,24.3,20.2
1015.11,18.86,81.71,2.23,0.0,13.08,22.8,24.3,20.2
1017.46,14.79,74.86,3.73,0.21,9.54,24.0,25.5,21.3
1017.14,15.86,78.71,1.3,0.36,5.49,24.0,25.5,21.3
1018.29,15.76,67.71,6.17,0.0,14.14,24.0,25.5,21.3
1014.87,15.91,77.0,2.2,0.0,13.63,24.0,25.5,21.3
1018.47,11.96,82.86,4.0,3.57,4.71,24.2,25.7,21.8
1017.59,14.27,83.0,1.51,2.07,6.01,24.2,25.7,21.8
1018.9,14.19,66.57,6.9,0.0,11.83,24.2,25.7,21.8
1015.49,14.6,77.57,2.46,0.0,10.77,24.2,25.7,21.8
1016.2,12.76,75.29,2.96,1.57,12.84,24.7,26.2,22.3
1016.06,13.91,80.57,1.34,1.86,9.34,24.7,26.2,22.3
1017.66,14.03,68.29,4.79,0.0,15.02,24.7,26.2,22.3
1014.29,14.2,74.86,1.99,0.07,15.44,24.7,26.2,22.3
1015.57,16.91,77.14,2.33,0.0,17.38,25.0,26.5,22.3
1016.61,18.34,77.71,1.24,0.07,14.09,25.0,26.5,22.3
1018.31,16.73,77.0,2.53,0.0,17.52,25.0,26.5,22.3
1015.17,17.7,78.43,1.09,0.0,19.07,25.0,26.5,22.3
1011.37,17.84,84.0,3.17,8.43,11.08,27.781818181818196,29.281818181818196,25.609090909090913
1012.21,19.19,86.57,1.64,4.0,10.03,27.781818181818196,29.281818181818196,25.609090909090913
1013.81,17.8,80.43,3.4,2.57,13.24,27.781818181818196,29.281818181818196,25.609090909090913
1010.59,18.74,86.29,1.66,1.0,15.12,27.781818181818196,29.281818181818196,25.609090909090913
1015.94,15.81,71.0,2.93,0.0,19.42,27.781818181818196,29.281818181818196,25.609090909090913
1016.31,16.61,75.57,1.07,0.29,9.13,27.781818181818196,29.281818181818196,25.609090909090913
1017.8,16.71,67.57,3.37,0.0,20.29,27.781818181818196,29.281818181818196,25.609090909090913
1014.61,17.54,74.29,1.51,0.07,20.19,27.781818181818196,29.281818181818196,25.609090909090913
1014.73,16.66,89.29,2.61,10.43,6.53,25.6,27.1,22.9
1014.43,19.87,86.43,1.2,0.93,9.37,25.6,27.1,22.9
1016.7,19.11,75.57,3.8,0.0,15.43,25.6,27.1,22.9
1013.31,21.07,80.43,1.73,0.07,17.64,25.6,27.1,22.9
1015.57,18.21,81.0,3.1,0.0,16.49,25.7,27.2,23.0
1016.19,19.86,84.86,1.31,2.0,8.47,25.7,27.2,23.0
1017.63,18.94,75.43,3.99,0.0,19.85,25.7,27.2,23.0
1014.27,20.8,80.57,1.59,0.0,20.5,25.7,27.2,23.0
1010.34,18.41,84.86,2.01,0.0,12.68,26.0,27.5,23.2
1010.1,22.16,83.29,1.21,4.57,14.06,26.0,27.5,23.2
1012.47,20.97,75.14,2.9,0.0,20.1,26.0,27.5,23.2
1009.14,22.83,78.0,1.71,0.0,22.03,26.0,27.5,23.2
1005.84,22.79,86.57,2.14,0.0,13.2,26.8,28.3,24.0
1005.67,24.36,86.14,1.3,0.0,12.15,26.8,28.3,24.0
1008.63,24.8,77.0,2.34,0.0,18.55,26.8,28.3,24.0
1005.57,25.77,80.43,1.29,0.0,20.9,26.8,28.3,24.0
1013.83,18.59,77.14,3.04,0.36,14.28,27.099999999999994,28.599999999999994,24.931578947368404
1013.91,20.61,78.43,0.99,3.71,9.82,27.099999999999994,28.599999999999994,24.931578947368404
1015.37,20.76,67.0,4.76,0.07,20.41,27.099999999999994,28.599999999999994,24.931578947368404
1012.06,22.17,73.86,1.9,0.0,17.92,27.099999999999994,28.599999999999994,24.931578947368404
1011.16,20.86,76.71,3.09,0.14,14.27,26.5,28.0,24.2
1011.37,22.2,84.57,1.31,2.43,10.74,26.5,28.0,24.2
1012.97,23.09,70.71,3.63,0.0,23.01,26.5,28.0,24.2
1009.73,24.74,75.43,1.81,0.0,23.34,26.5,28.0,24.2
1009.53,22.63,81.43,2.06,7.57,16.41,26.8,28.3,24.0
1010.29,22.34,81.43,0.93,1.07,13.96,26.8,28.3,24.0
1012.66,23.76,72.86,2.06,2.14,18.25,26.8,28.3,24.0
1009.67,24.06,84.57,1.06,1.71,16.02,26.8,28.3,24.0
1008.47,24.51,83.14,2.26,0.21,16.37,27.705555555555556,29.205555555555552,25.494444444444433
1008.99,24.8,85.14,1.1,0.71,14.48,27.705555555555556,29.205555555555552,25.494444444444433
1011.4,26.01,75.0,2.51,0.0,21.82,27.705555555555556,29.205555555555552,25.494444444444433
1008.37,27.29,77.29,1.54,0.0,22.86,27.705555555555556,29.205555555555552,25.494444444444433
1004.96,27.56,79.86,3.04,0.0,24.89,26.6,28.1,23.8
1005.7,27.8,78.71,1.11,0.0,21.46,26.6,28.1,23.8
1008.7,28.36,72.57,3.09,0.0,27.0,26.6,28.1,23.8
1005.87,29.21,73.57,1.94,0.0,27.44,26.6,28.1,23.8
1004.86,28.09,80.43,2.54,0.0,20.46,26.7,28.2,23.9
1005.27,28.19,80.57,1.1,0.07,19.61,26.7,28.2,23.9
1008.36,29.34,72.57,2.93,0.0,24.78,26.7,28.2,23.9
1005.57,30.2,73.14,1.9,0.0,26.38,26.7,28.2,23.9
1002.04,26.04,89.86,2.33,20.0,13.06,26.931578947368422,28.43157894736841,24.594736842105277
1002.14,26.61,89.0,1.23,8.93,13.84,26.931578947368422,28.43157894736841,24.594736842105277
1005.07,27.61,80.43,2.84,17.36,16.77,26.931578947368422,28.43157894736841,24.594736842105277
1002.49,27.8,86.86,1.94,66.5,15.81,26.931578947368422,28.43157894736841,24.594736842105277
1005.16,27.94,81.43,1.9,0.07,25.4,27.2,28.7,24.4
1005.83,27.03,84.43,0.96,4.0,18.66,27.2,28.7,24.4
1008.2,28.13,74.43,1.8,0.86,24.07,27.2,28.7,24.4
1005.29,27.64,86.71,1.22,3.64,19.23,27.2,28.7,24.4
1000.16,29.67,75.86,6.73,0.0,26.76,27.5,29.0,24.7
999.86,28.8,77.29,1.17,0.0,24.23,27.5,29.0,24.7
1005.46,28.93,77.14,3.03,6.5,19.87,27.5,29.0,24.7
1003.07,27.61,90.57,1.57,27.43,15.57,27.5,29.0,24.7
1002.29,28.7,78.14,5.14,0.5,24.21,27.9,29.4,25.1
1002.47,28.36,78.14,1.01,0.0,20.44,27.9,29.4,25.1
1006.89,28.36,77.86,2.9,13.64,24.55,27.9,29.4,25.1
1004.31,27.94,86.86,1.87,15.07,20.13,27.9,29.4,25.1
1006.13,29.0,79.0,2.36,0.0,25.03,28.2,29.7,25.4
1007.19,28.96,76.71,1.2,0.43,24.67,28.2,29.7,25.4
1009.39,29.19,75.29,2.26,1.93,24.97,28.2,29.7,25.4
1006.49,28.81,86.14,1.51,5.43,21.08,28.2,29.7,25.4
1004.06,29.27,75.86,1.97,0.0,22.16,28.5,30.0,25.6
1005.2,28.33,76.29,1.13,0.07,21.49,28.5,30.0,25.6
1007.29,28.49,74.43,1.87,2.64,24.75,28.5,30.0,25.6
1004.37,27.71,85.57,1.53,7.0,20.42,28.5,30.0,25.6
994.56,29.39,78.14,3.71,0.21,22.87,28.4,29.9,25.8
994.93,28.74,79.14,0.96,5.14,17.25,28.4,29.9,25.8
998.76,28.03,80.57,3.34,36.93,16.48,28.4,29.9,25.8
996.54,27.01,93.86,2.07,72.21,10.31,28.4,29.9,25.8
995.54,26.76,89.43,2.2,32.07,12.03,28.7625,30.2625,26.543749999999996
995.73,26.76,89.29,0.63,8.43,9.45,28.7625,30.2625,26.543749999999996
998.86,26.94,84.14,3.74,51.07,9.54,28.7625,30.2625,26.543749999999996
996.76,26.31,97.29,3.1,56.64,4.9,28.7625,30.2625,26.543749999999996
1004.19,28.49,79.14,3.07,0.0,24.35,28.3,29.8,26.0
1004.54,28.26,81.86,1.16,3.21,19.61,28.3,29.8,26.0
1008.07,27.54,79.29,2.8,11.36,20.17,28.3,29.8,26.0
1005.49,27.14,90.14,1.96,24.0,17.25,28.3,29.8,26.0
1005.63,28.39,79.0,2.09,0.0,22.92,28.0,29.5,25.8
1006.01,27.44,82.0,1.03,0.21,17.16,28.0,29.5,25.8
1008.96,28.44,76.43,2.01,0.0,23.98,28.0,29.5,25.8
1006.13,28.53,82.43,1.41,0.07,20.71,28.0,29.5,25.8
1005.59,28.89,78.57,1.77,0.0,22.06,28.0,29.5,25.6
1006.83,27.46,82.14,1.0,7.14,19.32,28.0,29.5,25.6
1008.89,28.31,76.14,2.09,0.57,20.04,28.0,29.5,25.6
1006.11,27.09,89.14,1.17,10.07,14.42,28.0,29.5,25.6
1002.16,29.27,74.14,2.77,1.57,21.0,28.1,29.6,25.4
1003.49,27.21,83.0,1.11,21.43,17.43,28.1,29.6,25.4
1005.6,29.0,75.57,1.89,0.43,22.2,28.1,29.6,25.4
1002.73,28.36,87.43,1.16,0.43,17.73,28.1,29.6,25.4
1005.87,28.93,77.57,2.64,0.0,23.13,28.2,29.7,25.3
1006.36,27.24,86.29,0.94,2.57,17.2,28.2,29.7,25.3
1009.34,28.83,75.86,2.1,5.43,22.1,28.2,29.7,25.3
1006.6,28.31,84.71,1.34,14.07,19.08,28.2,29.7,25.3
1005.59,27.93,73.71,2.73,0.0,23.18,28.51333333333333,30.01333333333333,26.299999999999976
1006.46,26.67,82.14,1.09,2.93,18.27,28.51333333333333,30.01333333333333,26.299999999999976
1008.46,28.61,72.43,1.9,0.0,21.59,28.51333333333333,30.01333333333333,26.299999999999976
1005.57,28.29,84.14,0.89,0.36,18.3,28.51333333333333,30.01333333333333,26.299999999999976
1004.84,29.46,62.86,4.41,0.0,22.58,28.3,29.8,25.4
1007.94,26.84,79.43,1.16,2.57,17.68,28.3,29.8,25.4
1007.76,28.51,73.43,1.71,0.0,19.1,28.3,29.8,25.4
1004.91,28.17,83.86,0.99,0.0,17.06,28.3,29.8,25.4
1005.33,26.54,78.0,5.49,9.07,13.24,28.7,30.2,25.7
1007.44,24.83,90.0,1.93,92.93,9.07,28.7,30.2,25.7
1006.4,26.94,76.57,3.8,0.57,14.36,28.7,30.2,25.7
1003.56,26.01,92.71,0.99,4.43,10.45,28.7,30.2,25.7
1010.77,23.27,79.43,3.31,0.0,12.88,30.2,31.7,28.0
1011.61,23.34,91.29,1.0,1.21,9.11,30.2,31.7,28.0
1013.31,24.63,74.71,2.41,0.0,18.05,30.2,31.7,28.0
1010.19,25.0,87.43,0.96,0.0,16.9,30.2,31.7,28.0
1014.41,17.99,73.14,4.61,1.86,11.74,30.0,31.5,28.1
1014.59,18.69,86.57,0.8,2.5,3.83,30.0,31.5,28.1
1015.74,20.11,64.86,4.56,0.36,15.34,30.0,31.5,28.1
1012.37,20.37,80.71,1.94,0.29,15.37,30.0,31.5,28.1
1010.39,21.99,81.29,3.37,2.86,12.14,30.1,31.6,28.2
1010.94,22.34,85.86,1.01,1.07,10.16,30.1,31.6,28.2
1012.93,22.71,76.71,2.76,0.0,15.19,30.1,31.6,28.2
1009.77,22.87,88.57,1.36,0.07,16.44,30.1,31.6,28.2
1015.99,17.74,68.57,4.84,0.0,15.16,29.6,31.1,27.7
1016.09,18.27,77.43,1.39,5.0,8.08,29.6,31.1,27.7
1017.09,18.71,63.71,4.84,0.0,15.86,29.6,31.1,27.7
1013.8,18.13,82.43,1.66,0.07,14.04,29.6,31.1,27.7
1016.79,19.37,78.43,5.79,2.86,12.71,27.6,29.1,25.6
1017.6,19.33,83.29,1.24,0.36,7.52,27.6,29.1,25.6
1018.5,19.6,74.71,3.57,0.0,15.52,27.6,29.1,25.6
1015.4,19.3,86.71,1.11,0.0,16.39,27.6,29.1,25.6
1016.04,18.03,77.0,4.93,0.36,13.22,27.7,29.2,25.7
1016.83,19.09,82.14,1.43,0.86,8.49,27.7,29.2,25.7
1017.39,18.97,72.29,4.63,0.0,13.76,27.7,29.2,25.7
1013.92,19.11,83.71,1.53,0.0,14.19,27.7,29.2,25.7
1020.86,15.63,80.43,4.5,0.43,9.97,27.5,29.0,25.5
1020.51,17.34,86.71,0.93,1.21,6.88,27.5,29.0,25.5
1022.33,16.9,72.57,5.03,0.0,14.27,27.5,29.0,25.5
1018.91,16.84,87.29,1.99,0.07,14.36,27.5,29.0,25.5
1016.2,16.86,80.43,4.77,1.36,10.38,28.4,29.9,26.4
1016.01,18.16,89.86,0.91,3.93,7.65,28.4,29.9,26.4
1017.64,17.71,75.57,4.87,0.36,12.37,28.4,29.9,26.4
1014.26,18.14,89.29,1.79,0.0,14.14,28.4,29.9,26.4
1016.67,14.57,78.14,4.09,0.64,8.56,28.6,30.1,26.3
1015.87,16.37,85.29,0.89,0.71,6.19,28.6,30.1,26.3
1018.37,16.21,70.57,4.27,0.0,15.07,28.6,30.1,26.3
1014.96,16.23,83.43,1.93,0.0,14.24,28.6,30.1,26.3
1013.34,16.63,88.29,5.1,7.57,6.62,29.2,30.7,26.3
1014.24,18.36,93.71,1.29,11.14,6.75,29.2,30.7,26.3
1015.33,18.13,79.43,4.54,1.64,11.06,29.2,30.7,26.3
1012.04,18.57,94.0,1.74,2.36,10.88,29.2,30.7,26.3
1016.7,14.56,85.14,5.26,6.07,6.71,27.781818181818196,29.281818181818196,25.609090909090913
1016.49,17.6,84.43,1.17,1.86,6.98,27.781818181818196,29.281818181818196,25.609090909090913
1018.21,16.2,76.0,5.44,0.07,13.14,27.781818181818196,29.281818181818196,25.609090909090913
1014.76,16.99,86.57,2.24,0.0,15.51,27.781818181818196,29.281818181818196,25.609090909090913
1013.69,15.86,89.57,3.64,4.71,5.12,28.7,30.2,26.0
1013.14,19.23,87.86,1.23,1.36,10.05,28.7,30.2,26.0
1015.67,16.86,80.43,4.51,0.21,12.92,28.7,30.2,26.0
1012.17,18.43,91.14,2.16,0.0,16.41,28.7,30.2,26.0
1014.01,14.41,86.57,5.97,12.29,5.74,29.9,31.4,27.5
1012.94,17.61,87.0,1.57,4.79,7.34,29.9,31.4,27.5
1014.99,15.1,80.71,6.23,4.86,10.72,29.9,31.4,27.5
1011.46,16.14,90.71,2.43,4.86,10.04,29.9,31.4,27.5
1012.11,19.54,79.57,2.99,0.0,17.19,26.937500000000014,28.437500000000014,24.61874999999997
1012.7,20.71,84.14,1.17,0.71,11.46,26.937500000000014,28.437500000000014,24.61874999999997
1014.84,20.61,75.14,2.46,0.0,20.6,26.937500000000014,28.437500000000014,24.61874999999997
1011.59,21.64,79.0,1.26,0.0,21.59,26.937500000000014,28.437500000000014,24.61874999999997
1011.56,17.41,80.14,2.41,4.71,21.16,31.3,32.8,29.1
1011.94,19.57,76.43,1.1,0.64,13.45,31.3,32.8,29.1
1014.1,18.99,70.43,2.96,0.21,21.12,31.3,32.8,29.1
1010.8,19.1,73.57,1.67,0.21,21.8,31.3,32.8,29.1
1007.13,21.04,83.71,2.24,0.29,17.07,31.6,33.1,29.4
1007.8,21.69,88.86,0.93,1.57,10.56,31.6,33.1,29.4
1009.87,22.8,75.43,2.26,0.29,19.29,31.6,33.1,29.4
1006.71,23.51,78.57,1.21,0.0,17.45,31.6,33.1,29.4
1015.89,17.06,87.14,5.56,12.14,7.78,31.2,32.7,29.1
1015.74,20.09,86.43,1.13,3.21,8.87,31.2,32.7,29.1
1016.77,18.63,79.0,6.03,5.79,12.49,31.2,32.7,29.1
1013.4,19.3,87.57,2.1,0.0,10.9,31.2,32.7,29.1
1012.11,21.1,73.43,4.03,0.0,24.55,31.0,32.5,28.8
1013.9,20.04,87.29,0.97,2.43,10.86,31.0,32.5,28.8
1014.74,21.57,74.86,2.69,0.0,23.73,31.0,32.5,28.8
1011.54,22.14,78.57,1.29,0.0,23.09,31.0,32.5,28.8
1007.73,20.86,81.57,3.54,0.86,14.66,31.0,32.5,28.9
1007.69,22.07,86.14,1.16,5.0,10.1,31.0,32.5,28.9
1009.56,23.49,69.29,3.37,0.0,22.67,31.0,32.5,28.9
1006.34,24.0,74.43,1.5,0.0,20.88,31.0,32.5,28.9
1007.61,23.84,87.0,3.26,0.93,15.16,30.5,32.0,28.3
1007.46,25.59,85.43,1.5,0.14,17.5,30.5,32.0,28.3
1010.06,25.91,77.29,3.66,0.0,23.75,30.5,32.0,28.3
1006.91,26.9,78.14,1.89,0.07,22.27,30.5,32.0,28.3
1009.47,21.66,84.86,4.37,2.71,13.83,30.4,31.9,28.2
1010.01,22.29,91.86,0.99,4.64,9.38,30.4,31.9,28.2
1011.54,22.97,79.29,3.5,2.36,17.86,30.4,31.9,28.2
1008.36,23.66,87.0,1.36,2.79,16.3,30.4,31.9,28.2
1006.26,22.63,91.14,2.94,3.0,10.95,30.3,31.8,28.1
1006.14,23.61,94.86,0.99,17.5,9.18,30.3,31.8,28.1
1008.8,24.34,82.86,2.64,15.36,11.96,30.3,31.8,28.1
1005.8,25.1,85.86,1.5,10.79,11.07,30.3,31.8,28.1
1007.07,21.6,86.43,4.07,4.36,14.26,30.2,31.7,28.0
1007.33,22.61,92.86,0.94,4.71,9.87,30.2,31.7,28.0
1009.16,23.03,80.29,3.44,6.29,20.03,30.2,31.7,28.0
1005.9,24.21,85.86,1.53,2.21,16.89,30.2,31.7,28.0
1001.59,27.81,82.86,4.24,0.29,22.65,30.1,31.6,27.9
1002.47,27.11,87.86,1.09,11.79,18.22,30.1,31.6,27.9
1006.8,28.4,77.57,3.0,0.64,25.7,30.1,31.6,27.9
1004.14,28.07,82.14,1.47,4.93,21.4,30.1,31.6,27.9
1002.17,24.59,91.86,2.9,32.5,8.34,29.5,31.0,27.3
1003.26,25.46,92.14,1.01,9.57,10.81,29.5,31.0,27.3
1006.8,26.89,82.14,2.57,20.86,12.93,29.5,31.0,27.3
1004.24,26.99,85.71,1.77,16.14,14.15,29.5,31.0,27.3
1003.0,26.83,85.43,3.4,3.36,16.62,29.6,31.1,27.4
1004.01,27.3,86.14,1.16,1.14,16.9,29.6,31.1,27.4
1008.07,28.64,76.29,2.7,0.0,23.51,29.6,31.1,27.4
1005.4,28.49,79.14,1.39,2.36,22.11,29.6,31.1,27.4
1001.17,28.34,82.14,1.71,2.64,22.3,30.0,31.5,27.7
1003.33,28.69,77.43,1.16,7.29,18.31,30.0,31.5,27.7
1005.27,28.3,77.29,2.1,5.57,22.05,30.0,31.5,27.7
1002.43,27.47,86.57,1.44,13.43,16.54,30.0,31.5,27.7
1002.27,28.67,81.14,2.54,1.36,25.18,30.0,31.5,27.8
1003.34,30.69,71.43,1.69,0.0,20.03,30.0,31.5,27.8
1006.7,29.06,75.29,2.69,0.36,24.22,30.0,31.5,27.8
1003.99,28.34,82.86,1.73,6.36,20.94,30.0,31.5,27.8
1000.74,29.84,74.14,3.73,0.21,24.39,29.8,31.3,27.6
1002.04,28.9,79.14,1.17,0.0,23.66,29.8,31.3,27.6
1005.81,29.51,73.71,2.5,0.07,23.7,29.8,31.3,27.6
1003.11,28.4,83.71,1.31,4.21,17.53,29.8,31.3,27.6
1003.44,28.86,77.71,1.71,6.43,21.94,29.5,31.0,27.3
1005.16,27.89,81.71,0.93,2.57,20.04,29.5,31.0,27.3
1007.57,28.34,77.71,2.04,4.86,20.74,29.5,31.0,27.3
1004.66,27.33,86.86,1.24,16.0,16.14,29.5,31.0,27.3
1003.31,29.33,77.86,1.77,0.0,24.16,29.8,31.3,27.6
1004.94,28.8,77.57,0.99,0.0,23.68,29.8,31.3,27.6
1007.51,28.8,75.29,1.96,0.5,24.85,29.8,31.3,27.6
1004.64,27.76,84.0,1.36,21.14,19.72,29.8,31.3,27.6
1002.57,29.14,80.0,2.09,0.07,21.6,29.6,31.1,27.4
1004.0,28.91,78.0,1.2,0.0,24.02,29.6,31.1,27.4
1006.81,28.8,76.43,2.14,4.14,21.72,29.6,31.1,27.4
1004.01,27.74,85.71,1.56,12.57,19.55,29.6,31.1,27.4
998.94,27.97,82.43,4.4,7.93,13.37,29.2,30.7,27.0
997.66,28.71,81.14,1.19,0.43,16.7,29.2,30.7,27.0
1002.7,28.5,76.71,3.96,0.86,18.26,29.2,30.7,27.0
999.66,27.46,86.71,2.24,17.79,13.34,29.2,30.7,27.0
1005.31,27.03,74.0,4.04,0.36,18.01,29.1,30.6,26.8
1006.0,26.34,80.14,1.34,7.14,15.87,29.1,30.6,26.8
1008.57,27.91,73.71,3.0,0.0,19.53,29.1,30.6,26.8
1005.66,27.51,84.57,1.56,1.07,16.19,29.1,30.6,26.8
1000.11,27.1,77.86,2.57,2.07,20.36,29.0,30.5,26.8
999.91,26.87,83.86,0.93,3.79,16.7,29.0,30.5,26.8
1004.2,27.94,73.29,2.33,0.64,21.06,29.0,30.5,26.8
1001.13,27.16,80.14,1.61,0.07,17.97,29.0,30.5,26.8
1006.6,27.64,78.0,2.39,0.0,21.74,29.2,30.7,26.9
1008.4,26.69,86.29,0.8,7.86,17.17,29.2,30.7,26.9
1009.9,28.06,77.71,1.5,0.0,21.47,29.2,30.7,26.9
1006.93,28.33,80.14,1.04,0.0,19.62,29.2,30.7,26.9
1010.56,26.27,78.43,4.69,0.0,17.24,29.3,30.8,27.1
1011.64,25.37,88.43,1.4,55.29,12.88,29.3,30.8,27.1
1012.89,27.57,75.14,2.54,0.0,18.83,29.3,30.8,27.1
1009.89,27.66,82.57,1.06,2.71,17.19,29.3,30.8,27.1
1009.24,22.83,79.43,6.94,12.86,9.9,29.2,30.7,26.9
1009.37,23.73,87.29,1.84,22.07,8.36,29.2,30.7,26.9
1009.3,24.14,72.57,5.59,0.5,15.16,29.2,30.7,26.9
1006.17,24.43,80.57,1.66,0.29,16.66,29.2,30.7,26.9
1011.49,22.3,80.71,6.91,4.07,12.61,28.9,30.4,26.7
1011.89,23.5,84.29,1.89,12.64,6.83,28.9,30.4,26.7
1011.79,23.71,73.14,5.26,0.07,16.5,28.9,30.4,26.7
1008.5,24.17,81.43,1.47,0.14,13.5,28.9,30.4,26.7
1010.63,21.47,84.29,6.73,10.21,12.8,27.777777777777768,29.277777777777764,25.622222222222216
1011.3,22.49,88.57,1.74,27.86,7.49,27.777777777777768,29.277777777777764,25.622222222222216
1011.13,22.79,78.14,5.59,1.57,13.48,27.777777777777768,29.277777777777764,25.622222222222216
1007.87,23.5,85.0,1.51,0.86,12.39,27.777777777777768,29.277777777777764,25.622222222222216
1011.33,23.89,83.86,3.1,0.0,14.34,29.1,30.6,26.8
1012.86,23.57,86.0,1.03,3.21,12.09,29.1,30.6,26.8
1014.43,23.86,83.14,2.4,0.0,15.17,29.1,30.6,26.8
1011.3,24.34,86.43,1.07,0.0,16.02,29.1,30.6,26.8
1010.97,22.99,85.86,3.56,0.0,11.93,29.0,30.5,26.8
1011.83,23.54,86.29,0.91,4.86,10.44,29.0,30.5,26.8
1013.84,23.66,82.14,2.66,0.0,15.29,29.0,30.5,26.8
1010.63,24.17,85.86,1.13,0.0,15.22,29.0,30.5,26.8
1013.04,20.47,89.71,5.01,1.43,9.22,29.1,30.6,26.9
1013.21,22.69,82.86,1.24,0.0,10.88,29.1,30.6,26.9
1014.73,22.51,78.86,4.87,0.0,13.94,29.1,30.6,26.9
1011.37,23.19,82.14,1.74,0.0,15.61,29.1,30.6,26.9
1012.76,17.64,89.43,5.44,6.21,4.88,29.3,30.8,27.1
1011.3,21.06,78.86,1.44,0.07,9.66,29.3,30.8,27.1
1013.49,19.74,75.71,6.2,0.0,12.35,29.3,30.8,27.1
1009.99,20.3,79.0,2.2,0.0,16.05,29.3,30.8,27.1
1015.98,14.34,82.4,7.0,3.2,6.62,28.9,30.4,27.3
1015.76,18.51,79.14,1.3,2.29,5.25,28.9,30.4,27.3
1016.39,16.76,73.0,7.36,3.64,6.48,28.9,30.4,27.3
1013.1,17.41,78.14,2.79,1.5,10.61,28.9,30.4,27.3
1018.6,16.47,78.29,6.27,0.0,9.67,29.1,30.6,27.9
1019.63,17.8,81.57,0.97,3.93,7.19,29.1,30.6,27.9
1020.49,16.77,75.29,5.56,0.0,11.59,29.1,30.6,27.9
1017.16,16.53,80.86,1.64,0.0,12.41,29.1,30.6,27.9
1017.89,17.67,79.43,5.49,0.43,9.07,29.5,31.0,27.8
1018.97,18.36,85.43,1.07,5.71,6.53,29.5,31.0,27.8
1020.0,17.89,78.0,5.2,0.43,11.02,29.5,31.0,27.8
1016.6,18.56,84.71,1.89,0.07,13.0,29.5,31.0,27.8
1011.61,18.2,90.57,3.1,0.36,9.35,29.1,30.6,27.8
1012.17,20.46,84.0,1.01,14.43,9.99,29.1,30.6,27.8
1014.29,19.37,82.29,3.26,0.0,12.05,29.1,30.6,27.8
1011.0,20.64,84.71,1.46,0.07,14.32,29.1,30.6,27.8
1017.14,14.6,83.57,5.1,0.86,7.83,29.1,30.6,27.8
1017.24,17.6,82.14,0.96,1.57,7.21,29.1,30.6,27.8
1018.93,15.8,76.86,5.73,0.0,15.0,29.1,30.6,27.8
1015.36,16.93,78.71,2.26,0.0,16.74,29.1,30.6,27.8
1014.37,15.3,79.43,3.83,4.29,10.69,29.6,31.1,28.2
1015.09,17.79,80.29,1.04,0.14,10.27,29.6,31.1,28.2
1016.77,16.33,75.29,4.2,0.0,15.88,29.6,31.1,28.2
1013.34,17.4,77.14,1.5,0.0,17.3,29.6,31.1,28.2
1012.04,15.91,94.86,2.76,3.57,7.29,29.2,30.7,27.5
1012.0,20.99,87.86,0.8,3.29,9.02,29.2,30.7,27.5
1014.56,18.16,84.0,3.36,0.36,13.55,29.2,30.7,27.5
1011.07,20.94,82.71,1.57,0.07,16.52,29.2,30.7,27.5
1016.59,14.71,81.14,4.91,0.21,12.64,29.1,30.6,27.4
1016.57,18.34,76.71,1.41,0.64,10.48,29.1,30.6,27.4
1018.01,16.61,75.43,5.17,0.0,17.37,29.1,30.6,27.4
1014.54,17.94,76.71,2.13,0.0,16.33,29.1,30.6,27.4
1020.16,16.07,70.0,4.43,0.0,19.0,27.781818181818196,29.281818181818196,25.609090909090913
1020.39,17.67,67.0,1.36,0.0,13.11,27.781818181818196,29.281818181818196,25.609090909090913
1022.07,16.46,69.86,4.24,0.0,21.12,27.781818181818196,29.281818181818196,25.609090909090913
1018.64,16.99,75.29,1.61,0.0,21.67,27.781818181818196,29.281818181818196,25.609090909090913
1014.91,18.49,69.0,2.74,0.0,21.4,29.2,30.7,27.1
1015.96,19.4,67.86,1.1,1.79,18.09,29.2,30.7,27.1
1017.89,19.8,67.57,2.24,0.0,21.09,29.2,30.7,27.1
1014.73,19.61,67.0,1.4,0.0,21.86,29.2,30.7,27.1
1013.41,18.19,80.71,3.79,0.0,13.62,28.9,30.4,27.6
1013.76,19.49,81.57,1.23,1.0,10.12,28.9,30.4,27.6
1015.79,19.91,73.29,3.59,0.0,18.57,28.9,30.4,27.6
1012.4,20.74,74.71,1.7,0.0,20.39,28.9,30.4,27.6
1010.91,18.34,87.14,3.74,1.71,7.53,28.4,29.9,27.1
1010.8,20.44,88.0,0.84,5.0,6.82,28.4,29.9,27.1
1013.03,20.03,80.29,4.29,1.64,12.86,28.4,29.9,27.1
1009.56,21.47,81.57,2.1,0.07,16.84,28.4,29.9,27.1
1008.5,18.0,78.0,2.3,0.0,0.01,28.9,30.4,27.7
1011.87,20.39,81.0,0.9,1.93,7.15,28.9,30.4,27.7
1013.0,21.9,73.71,2.89,0.79,17.89,28.9,30.4,27.7
1009.76,23.76,74.0,1.66,0.93,19.43,28.9,30.4,27.7
1005.92,22.6,82.25,1.82,0.38,17.02,29.5,31.0,27.8
1008.33,22.7,80.0,0.97,0.07,15.53,29.5,31.0,27.8
1010.83,23.57,74.86,1.99,0.0,21.34,29.5,31.0,27.8
1007.6,24.4,76.14,1.39,0.0,22.19,29.5,31.0,27.8
1006.03,22.61,83.86,2.71,18.5,13.1,29.8,31.3,27.6
1006.61,23.17,83.43,0.96,3.57,11.39,29.8,31.3,27.6
1009.07,25.2,77.71,2.61,10.86,17.9,29.8,31.3,27.6
1006.11,26.17,78.29,1.9,0.86,16.83,29.8,31.3,27.6
1005.87,24.71,80.86,2.6,5.29,19.1,29.6,31.1,27.5
1007.1,25.43,80.71,1.13,1.36,15.3,29.6,31.1,27.5
1009.3,25.66,77.0,2.84,8.0,17.95,29.6,31.1,27.5
1006.33,27.13,74.29,1.7,2.21,22.77,29.6,31.1,27.5
1009.33,21.73,80.0,2.79,3.93,12.2,28.6,30.1,27.3
1009.9,21.6,83.0,0.86,2.86,8.75,28.6,30.1,27.3
1011.79,23.51,75.29,2.97,0.07,18.39,28.6,30.1,27.3
1008.56,24.5,78.71,1.51,0.57,15.2,28.6,30.1,27.3
1005.0,25.1,83.14,2.31,41.29,16.32,28.8,30.3,27.6
1006.2,24.37,86.0,0.83,2.29,11.61,28.8,30.3,27.6
1008.8,26.8,78.71,2.33,3.43,19.55,28.8,30.3,27.6
1005.96,27.04,81.86,1.64,2.0,18.85,28.8,30.3,27.6
1000.61,27.73,83.43,3.7,0.79,20.33,28.9,30.4,27.1
1000.43,27.36,80.86,1.76,17.79,16.55,28.9,30.4,27.1
1003.16,28.0,80.86,3.11,0.57,21.23,28.9,30.4,27.1
1000.07,28.24,82.86,1.51,4.57,18.03,28.9,30.4,27.1
1002.56,27.87,83.57,1.93,2.36,21.71,28.5,30.0,27.0
1003.27,27.03,86.86,0.97,35.86,14.54,28.5,30.0,27.0
1006.09,28.54,79.86,2.17,2.0,21.69,28.5,30.0,27.0
1003.11,28.49,82.71,1.47,0.0,19.53,28.5,30.0,27.0
1002.86,26.66,86.43,1.99,6.21,15.98,28.8,30.3,27.0
1003.53,26.1,89.14,0.89,14.29,10.23,28.8,30.3,27.0
1006.1,27.91,83.14,2.13,16.86,17.11,28.8,30.3,27.0
1003.27,27.8,87.14,1.96,3.93,15.5,28.8,30.3,27.0
1005.26,29.04,79.43,1.86,0.0,23.41,28.9,30.4,26.9
1006.59,28.06,79.57,0.87,5.14,18.8,28.9,30.4,26.9
1008.64,29.03,78.0,2.64,1.93,22.52,28.9,30.4,26.9
1005.83,28.63,82.43,2.0,6.5,18.94,28.9,30.4,26.9
1003.96,29.91,72.86,5.11,0.0,27.9,28.8,30.3,27.1
1004.34,29.06,76.14,1.04,0.0,25.04,28.8,30.3,27.1
1009.2,29.67,76.0,3.09,0.0,27.1,28.8,30.3,27.1
1006.49,30.23,73.43,1.7,0.0,26.44,28.8,30.3,27.1
1001.53,29.89,74.71,1.86,0.0,26.03,29.1,30.6,27.3
1003.17,28.89,76.71,1.09,0.0,22.31,29.1,30.6,27.3
1005.07,29.47,76.71,2.11,1.0,23.65,29.1,30.6,27.3
1001.3,29.03,80.83,1.55,3.42,16.45,29.1,30.6,27.3
1005.04,29.56,77.29,1.74,0.71,23.21,29.5,31.0,27.7
1005.87,28.61,78.43,0.94,1.71,22.1,29.5,31.0,27.7
1008.41,28.87,78.43,2.41,11.79,23.45,29.5,31.0,27.7
1005.39,28.5,84.43,1.46,12.14,19.01,29.5,31.0,27.7
997.51,28.46,83.14,4.94,3.67,16.18,28.7625,30.2625,26.543749999999996
995.53,28.53,76.43,0.79,0.07,15.84,28.7625,30.2625,26.543749999999996
1002.31,28.87,83.0,3.34,5.64,17.89,28.7625,30.2625,26.543749999999996
999.74,28.77,85.86,1.76,1.86,14.12,28.7625,30.2625,26.543749999999996
999.2,29.0,79.29,3.77,0.0,21.72,30.5,32.0,28.2
999.6,28.83,79.43,0.99,0.79,18.41,30.5,32.0,28.2
1003.79,28.34,82.57,3.09,7.79,17.1,30.5,32.0,28.2
1001.39,27.56,90.43,2.0,37.5,13.94,30.5,32.0,28.2
1001.91,28.21,80.86,2.87,13.21,19.25,31.1,32.6,28.7
1002.44,27.53,82.29,0.83,2.79,17.84,31.1,32.6,28.7
1005.97,28.4,81.71,2.67,11.14,19.68,31.1,32.6,28.7
1003.39,27.13,92.29,1.67,9.93,11.36,31.1,32.6,28.7
997.36,29.57,75.29,4.86,0.86,20.25,31.1,32.6,29.2
999.41,27.63,83.57,1.71,52.0,16.1,31.1,32.6,29.2
1000.07,28.84,81.29,2.14,0.64,17.06,31.1,32.6,29.2
997.16,27.84,89.86,1.27,2.86,13.82,31.1,32.6,29.2
1002.36,27.01,79.86,2.66,7.86,14.44,31.2,32.7,29.3
1003.96,26.16,86.71,1.17,26.79,13.78,31.2,32.7,29.3
1005.29,26.96,84.86,3.01,20.14,15.63,31.2,32.7,29.3
1002.56,26.27,93.57,2.89,37.64,12.26,31.2,32.7,29.3
1005.36,27.39,79.71,1.39,0.0,23.14,31.6,33.1,29.1
1005.93,26.8,77.29,0.77,0.0,21.91,31.6,33.1,29.1
1008.81,27.8,78.29,1.43,0.07,21.63,31.6,33.1,29.1
1005.77,27.36,85.29,1.04,0.0,19.76,31.6,33.1,29.1
1005.93,28.91,73.57,4.46,0.21,23.4,31.1,32.6,28.6
1007.11,27.77,78.71,1.53,2.07,19.77,31.1,32.6,28.6
1008.76,28.89,80.0,2.14,0.0,19.24,31.1,32.6,28.6
1005.71,28.23,87.14,1.1,4.93,16.5,31.1,32.6,28.6
1004.91,25.63,86.0,5.39,7.64,9.86,30.8,32.3,28.4
1004.97,26.43,84.57,1.54,18.64,9.76,30.8,32.3,28.4
1006.34,26.71,80.86,5.8,2.93,13.01,30.8,32.3,28.4
1003.01,26.43,88.71,2.1,2.5,11.68,30.8,32.3,28.4
1011.26,24.23,76.86,4.81,0.5,15.79,30.7,32.2,28.3
1011.69,24.34,85.0,0.93,5.57,8.35,30.7,32.2,28.3
1013.07,25.69,74.57,3.77,0.0,19.19,30.7,32.2,28.3
1009.86,26.2,84.57,0.84,0.0,15.84,30.7,32.2,28.3
1012.51,24.17,73.43,3.97,1.07,14.94,30.2,31.7,27.8
1014.13,23.64,83.0,0.74,1.36,7.41,30.2,31.7,27.8
1015.07,24.91,76.43,2.84,0.0,12.74,30.2,31.7,27.8
1011.89,24.99,86.71,0.71,0.0,12.67,30.2,31.7,27.8
1011.26,23.94,80.71,2.71,0.0,18.59,29.7,31.2,27.3
1012.64,23.61,83.43,0.63,2.57,12.32,29.7,31.2,27.3
1014.3,24.73,80.0,2.17,0.0,18.9,29.7,31.2,27.3
1011.14,24.63,83.71,0.81,0.0,18.1,29.7,31.2,27.3
1013.27,23.24,77.57,4.33,0.07,15.11,29.6,31.1,27.1
1014.16,24.29,80.0,1.26,0.36,12.1,29.6,31.1,27.1
1015.47,24.64,78.14,3.36,0.0,16.35,29.6,31.1,27.1
1012.17,25.06,83.0,1.1,0.0,16.15,29.6,31.1,27.1
1018.34,18.36,71.57,4.7,0.64,12.48,29.5,31.0,27.1
1018.71,19.61,78.14,1.16,1.14,9.23,29.5,31.0,27.1
1019.94,20.04,68.57,4.43,0.0,16.04,29.5,31.0,27.1
1016.53,20.39,75.0,1.73,0.0,16.15,29.5,31.0,27.1
1016.01,19.73,75.14,5.3,0.14,10.0,29.5,31.0,27.1
1017.43,20.59,79.86,1.23,1.07,7.99,29.5,31.0,27.1
1017.86,21.4,76.29,4.37,0.0,12.27,29.5,31.0,27.1
1014.49,21.64,83.29,1.53,0.0,12.46,29.5,31.0,27.1
1011.81,19.34,86.43,1.93,7.93,10.01,29.5,31.0,27.0
1012.19,20.5,85.43,0.37,2.5,8.8,29.5,31.0,27.0
1014.46,21.47,75.86,2.9,0.0,12.78,29.5,31.0,27.0
1011.07,21.51,85.57,1.53,0.0,14.19,29.5,31.0,27.0
1015.34,19.77,83.14,4.39,0.43,10.86,29.5,31.0,27.6
1016.03,20.97,82.57,0.61,0.0,7.47,29.5,31.0,27.6
1017.17,21.56,78.86,3.67,0.0,13.18,29.5,31.0,27.6
1013.83,21.9,86.71,1.26,0.0,11.51,29.5,31.0,27.6
1016.5,16.24,74.0,4.09,0.0,12.73,29.5,31.0,27.9
1016.84,17.46,76.86,0.94,0.07,7.81,29.5,31.0,27.9
1018.54,17.33,74.29,4.06,0.0,14.51,29.5,31.0,27.9
1015.11,17.5,85.29,1.46,0.0,14.87,29.5,31.0,27.9
1015.47,16.46,73.29,3.3,0.64,14.14,29.2,30.7,27.8
1015.99,17.2,78.86,0.67,1.14,7.61,29.2,30.7,27.8
1017.87,17.49,73.0,3.43,0.0,16.07,29.2,30.7,27.8
1014.53,17.11,81.0,1.46,0.0,16.56,29.2,30.7,27.8
1015.73,17.46,84.57,4.14,0.64,10.44,29.0,30.5,27.8
1016.33,18.7,79.71,1.14,0.07,10.19,29.0,30.5,27.8
1017.87,18.86,80.57,3.53,0.0,15.85,29.0,30.5,27.8
1014.47,19.19,86.0,1.44,0.0,16.91,29.0,30.5,27.8
1016.11,18.06,90.29,2.77,0.29,11.52,29.0,30.5,27.5
1016.41,20.66,86.57,0.59,1.07,8.19,29.0,30.5,27.5
1018.91,19.23,84.29,2.87,0.14,14.65,29.0,30.5,27.5
1015.54,20.21,87.57,1.17,0.0,15.26,29.0,30.5,27.5
1018.23,13.9,82.0,4.54,9.57,7.31,29.0,30.5,27.4
1017.8,17.1,84.71,1.11,4.57,6.55,29.0,30.5,27.4
1019.73,16.16,76.14,5.39,1.21,12.96,29.0,30.5,27.4
1016.14,17.24,86.57,2.14,0.71,14.85,29.0,30.5,27.4
1016.66,16.73,76.57,2.31,0.0,16.69,29.0,30.5,27.0
1017.24,19.1,77.57,0.67,0.07,13.06,29.0,30.5,27.0
1019.54,18.43,73.71,2.27,0.0,20.02,29.0,30.5,27.0
1016.27,18.64,79.0,1.23,0.0,20.75,29.0,30.5,27.0
1016.89,13.46,88.14,4.16,2.36,5.73,29.4,30.9,26.9
1016.31,16.89,87.0,0.9,2.86,7.6,29.4,30.9,26.9
1018.34,16.61,76.14,5.09,0.07,15.12,29.4,30.9,26.9
1014.79,17.53,86.29,2.0,0.0,13.96,29.4,30.9,26.9
1012.73,16.41,74.57,4.53,2.79,9.75,29.5,31.0,27.1
1013.09,17.87,79.0,0.84,0.57,7.28,29.5,31.0,27.1
1015.04,18.94,70.57,4.36,0.0,14.98,29.5,31.0,27.1
1011.76,19.76,80.43,1.64,0.43,13.4,29.5,31.0,27.1
1014.47,17.84,82.43,2.14,3.64,12.75,29.5,31.0,27.1
1015.14,18.79,81.86,0.63,0.43,9.33,29.5,31.0,27.1
1017.14,19.73,78.57,2.84,0.21,18.79,29.5,31.0,27.1
1013.67,21.12,81.17,1.5,0.0,17.22,29.5,31.0,27.1
1008.23,23.76,83.86,3.07,3.29,16.1,29.5,31.0,27.0
1008.67,24.07,84.29,1.16,2.0,14.12,29.5,31.0,27.0
1011.56,25.4,80.29,2.91,3.5,20.77,29.5,31.0,27.0
1008.41,26.46,82.43,1.74,3.86,22.71,29.5,31.0,27.0
1009.97,22.6,87.14,2.19,1.71,10.01,29.6,31.1,27.1
1010.29,23.84,83.57,1.1,0.64,12.06,29.6,31.1,27.1
1013.01,24.63,81.14,2.51,0.14,18.53,29.6,31.1,27.1
1009.73,25.76,84.86,1.39,0.0,19.06,29.6,31.1,27.1
1006.14,25.2,84.14,2.2,1.5,16.73,29.6,31.1,27.1
1006.56,25.91,80.29,1.1,0.57,13.9,29.6,31.1,27.1
1009.8,26.63,79.14,2.47,0.0,23.33,29.6,31.1,27.1
1006.81,26.96,80.86,1.44,0.0,22.74,29.6,31.1,27.1
1006.21,24.37,84.43,2.9,5.5,16.57,29.5,31.0,27.0
1006.59,25.0,84.43,1.04,2.5,13.24,29.5,31.0,27.0
1009.67,25.43,82.71,2.86,4.0,19.59,29.5,31.0,27.0
1006.47,26.2,85.14,1.53,5.4,20.15,29.5,31.0,27.0
1009.6,24.81,75.86,2.81,2.0,23.24,29.4,30.9,27.0
1010.74,24.61,79.71,1.13,2.64,14.2,29.4,30.9,27.0
1012.57,26.06,75.43,2.11,0.0,23.21,29.4,30.9,27.0
1009.39,26.63,82.57,1.1,0.0,22.21,29.4,30.9,27.0
1008.46,22.67,75.43,3.17,2.14,20.87,29.2,30.7,26.8
1009.24,23.47,77.71,1.13,0.07,12.46,29.2,30.7,26.8
1010.89,24.16,74.71,3.06,0.0,19.02,29.2,30.7,26.8
1007.56,25.0,79.0,1.3,0.0,17.07,29.2,30.7,26.8
1003.37,25.51,85.86,3.16,15.07,14.25,29.2,30.7,26.7
1003.74,26.16,85.57,1.01,3.07,11.88,29.2,30.7,26.7
1006.69,27.37,83.29,2.9,16.0,15.58,29.2,30.7,26.7
1003.86,27.44,86.43,1.77,27.57,13.74,29.2,30.7,26.7
1005.71,23.96,89.57,1.67,9.14,10.33,29.2,30.7,26.7
1006.01,25.39,83.86,0.99,5.07,11.56,29.2,30.7,26.7
1008.67,26.01,83.71,2.23,1.79,17.39,29.2,30.7,26.7
1005.56,26.29,88.57,1.04,9.64,14.62,29.2,30.7,26.7
1001.87,28.84,79.43,4.93,1.71,17.41,29.3,30.8,26.8
1002.11,28.14,80.71,0.87,0.0,14.84,29.3,30.8,26.8
1007.3,28.7,83.86,3.3,8.14,20.8,29.3,30.8,26.8
1004.8,27.99,87.29,1.8,20.86,16.66,29.3,30.8,26.8
1002.87,29.44,82.43,2.74,0.5,23.14,29.2,30.7,26.7
1003.44,28.93,81.71,0.99,2.43,16.71,29.2,30.7,26.7
1006.9,30.04,81.43,3.11,0.0,25.2,29.2,30.7,26.7
1004.09,30.27,78.71,2.06,0.0,25.06,29.2,30.7,26.7
1005.83,30.09,75.71,2.06,0.07,24.89,28.9,30.4,26.4
1006.77,29.64,76.71,1.06,8.79,24.07,28.9,30.4,26.4
1009.57,29.37,80.71,2.64,0.93,26.2,28.9,30.4,26.4
1006.51,29.2,81.29,1.73,7.57,22.62,28.9,30.4,26.4
1003.57,29.93,72.43,2.57,0.0,27.13,29.0,30.5,26.5
1004.4,29.54,74.86,1.06,1.79,23.77,29.0,30.5,26.5
1007.43,29.24,78.43,2.59,0.0,26.77,29.0,30.5,26.5
1004.47,28.97,78.71,1.8,0.43,24.25,29.0,30.5,26.5
1005.4,30.51,74.57,1.74,0.0,25.0,29.2,30.7,26.6
1006.61,29.91,72.71,1.09,0.0,24.18,29.2,30.7,26.6
1008.84,29.77,79.29,2.0,0.14,24.04,29.2,30.7,26.6
1005.4,28.82,85.2,1.44,24.6,17.46,29.2,30.7,26.6
1003.84,29.44,80.71,2.23,0.42,25.12,29.8,31.3,27.3
1004.47,28.74,80.43,1.09,4.43,22.09,29.8,31.3,27.3
1007.73,29.29,82.0,2.71,0.0,25.71,29.8,31.3,27.3
1004.86,29.0,83.86,1.56,8.71,22.21,29.8,31.3,27.3
1000.86,29.37,78.71,1.83,0.43,24.61,30.0,31.5,27.6
1001.21,28.97,75.0,0.99,0.57,20.19,30.0,31.5,27.6
1004.73,28.67,82.71,2.16,3.07,19.27,30.0,31.5,27.6
1001.94,27.49,88.14,1.43,21.21,14.91,30.0,31.5,27.6
1001.89,28.69,81.57,1.9,6.86,17.51,29.9,31.4,28.3
1002.13,27.76,83.0,0.89,6.43,16.18,29.9,31.4,28.3
1005.71,28.39,85.43,2.46,5.57,19.05,29.9,31.4,28.3
1002.97,27.54,89.29,1.43,42.14,14.66,29.9,31.4,28.3
1002.16,29.54,80.29,2.09,0.0,24.39,29.9,31.4,27.8
1002.67,28.97,76.0,1.01,0.07,24.25,29.9,31.4,27.8
1005.94,29.29,81.43,1.99,0.0,24.35,29.9,31.4,27.8
1002.91,28.71,83.86,1.13,5.21,20.7,29.9,31.4,27.8
1001.28,30.32,72.17,2.32,0.25,22.83,30.1,31.6,27.9
1003.67,28.81,77.29,1.04,0.14,19.53,30.1,31.6,27.9
1005.43,28.91,83.14,1.97,6.5,20.62,30.1,31.6,27.9
1002.51,27.63,89.43,1.3,30.79,15.56,30.1,31.6,27.9
1000.74,28.57,78.57,2.57,2.71,21.26,29.5,31.0,28.2
1001.47,27.97,77.0,1.27,1.64,20.61,29.5,31.0,28.2
1004.17,27.93,84.43,1.93,16.93,19.24,29.5,31.0,28.2
1001.16,27.41,86.0,1.37,7.43,18.49,29.5,31.0,28.2
1000.37,28.54,83.14,3.01,34.57,16.85,29.0,30.5,27.6
1001.51,28.04,80.43,1.03,5.21,16.63,29.0,30.5,27.6
1003.74,28.16,86.29,2.46,12.57,17.02,29.0,30.5,27.6
1000.84,27.87,88.29,1.69,24.0,15.01,29.0,30.5,27.6
1003.81,26.19,84.86,5.51,3.29,12.97,28.325000000000006,29.825000000000006,26.06875
1006.24,25.29,88.71,0.89,45.79,9.48,28.325000000000006,29.825000000000006,26.06875
1005.89,26.84,86.0,4.84,0.36,12.37,28.325000000000006,29.825000000000006,26.06875
1002.57,25.99,92.29,1.61,10.43,10.92,28.325000000000006,29.825000000000006,26.06875
1009.59,24.96,78.71,4.27,3.36,17.32,29.0,30.5,27.5
1010.54,25.06,80.86,1.03,0.0,10.73,29.0,30.5,27.5
1011.93,25.97,80.0,3.23,0.0,19.74,29.0,30.5,27.5
1008.7,26.04,86.0,1.1,17.86,18.21,29.0,30.5,27.5
1009.7,26.7,82.43,3.66,0.14,18.77,28.9,30.4,27.4
1011.0,26.37,82.43,1.13,7.79,16.73,28.9,30.4,27.4
1013.36,27.06,84.43,2.23,0.0,17.51,28.9,30.4,27.4
1009.49,27.16,86.0,0.9,0.0,15.52,28.9,30.4,27.4
1007.73,23.12,85.5,5.85,4.83,9.14,28.6,30.1,27.0
1005.69,25.0,85.29,2.71,53.29,6.69,28.6,30.1,27.0
1005.84,24.8,76.71,6.14,4.29,12.74,28.6,30.1,27.0
1003.17,25.23,88.43,2.31,11.57,12.26,28.6,30.1,27.0
1013.3,22.3,81.14,6.13,0.43,10.01,28.8,30.3,27.2
1014.1,23.49,81.29,1.79,0.93,10.09,28.8,30.3,27.2
1014.13,23.36,72.86,4.93,0.0,14.41,28.8,30.3,27.2
1011.01,23.77,83.86,1.44,0.0,15.36,28.8,30.3,27.2
1007.76,23.7,91.43,4.33,1.71,9.17,28.4,29.9,26.8
1009.36,24.67,86.14,1.0,5.5,8.63,28.4,29.9,26.8
1009.96,24.66,82.0,3.3,0.64,11.09,28.4,29.9,26.8
1006.9,24.8,91.86,1.27,8.5,10.08,28.4,29.9,26.8
1015.6,18.4,83.0,4.2,1.0,5.1,28.6,30.1,27.2
1014.7,21.15,81.5,1.75,5.75,11.34,28.6,30.1,27.2
1016.55,21.65,76.5,3.65,0.0,15.82,28.6,30.1,27.2
1013.2,22.25,84.0,2.25,0.0,16.58,28.6,30.1,27.2
